{"cameraMode":{"drawMode":0,"name":"Shaded","section":"Shading Mode"},"sceneLighting":true,"audioPlay":false,"sceneViewState":{"m_AlwaysRefresh":false,"showFog":true,"showSkybox":true,"showFlares":true,"showImageEffects":true,"showParticleSystems":true,"showVisualEffectGraphs":true,"m_FxEnabled":true},"in2DMode":false,"pivot":{"x":-3.2769250869750978,"y":-0.1075962707400322,"z":7.742706298828125},"rotation":{"x":-0.17876526713371278,"y":0.14755553007125855,"z":-0.027126159518957139,"w":-0.9723953008651733},"size":12.12435531616211,"orthographic":false}